{"cameraMode":{"drawMode":0,"name":"Shaded","section":"Shading Mode"},"sceneLighting":false,"audioPlay":false,"sceneViewState":{"showFog":true,"showMaterialUpdate":false,"showSkybox":false,"showFlares":true,"showImageEffects":true,"showParticleSystems":true,"showVisualEffectGraphs":true,"m_FxEnabled":true},"in2DMode":false,"pivot":{"x":-15.10161304473877,"y":10.816893577575684,"z":6.8060479164123539},"rotation":{"x":0.19758307933807374,"y":0.004643197171390057,"z":-0.0009417372639290988,"w":0.9802764058113098},"size":27.54456901550293,"orthographic":false}