{"cameraMode":{"drawMode":0,"name":"Shaded","section":"Shading Mode"},"sceneLighting":false,"audioPlay":false,"sceneViewState":{"showFog":true,"showMaterialUpdate":false,"showSkybox":false,"showFlares":true,"showImageEffects":true,"showParticleSystems":true,"showVisualEffectGraphs":true,"m_FxEnabled":true},"in2DMode":false,"pivot":{"x":-0.06882524490356446,"y":6.301741123199463,"z":-0.08823341131210327},"rotation":{"x":0.49509286880493166,"y":0.09496279060840607,"z":-0.05455494299530983,"w":0.8619106411933899},"size":6.985934257507324,"orthographic":false}