{"cameraMode":{"drawMode":0,"name":"Shaded","section":"Shading Mode"},"sceneLighting":false,"audioPlay":false,"sceneViewState":{"showFog":true,"showMaterialUpdate":false,"showSkybox":false,"showFlares":true,"showImageEffects":true,"showParticleSystems":true,"showVisualEffectGraphs":true,"m_FxEnabled":true},"in2DMode":false,"pivot":{"x":-0.14541923999786378,"y":1.4102394580841065,"z":-0.16419368982315064},"rotation":{"x":0.25306931138038638,"y":0.1461176872253418,"z":-0.03870364651083946,"w":0.9555673003196716},"size":1.8761581182479859,"orthographic":false}